timeline,character_name,english_dialogue,bengali_dialogue
"00:00:39,623 --> 00:00:42,042",JAKE,"When I was lying there in the VA hospital,","যখন আমি ভি এ হাসপাতাল এর মাঝে শুয়েছিলাম,"
"00:00:42,167 --> 00:00:45,128",JAKE,"with a big hole blown through the middle of my life,","আমার জীবনের মধ্যে দিয়ে একটি বড় গর্ত বিস্ফোরিত হওয়ার সাথে সাথে,"
"00:00:45,921 --> 00:00:48,423",JAKE,I started having these dreams of flying.,আমি এই উড়ন্ত স্বপ্নগুলো দেখতে শুরু করেছিলাম.
"00:00:49,800 --> 00:00:51,260",JAKE,I was free.,আমি ছিলাম স্বাধীন.
"00:00:54,471 --> 00:00:58,058",JAKE,"Sooner or later, though, you always have to wake up.","আজ অথবা কাল, যদিও, তোমার সর্বদা জেগে থাকতে হবে."
"00:01:07,818 --> 00:01:10,737",JAKE,"They can fix a spinal, if you got the money,","তারা একটি মেরুদন্ড দৃঢ় করতে পারে, যদি তোমার কাছে টাকা থাকে,"
"00:01:10,821 --> 00:01:13,615",JAKE,"but not on vet benefits, not in this economy.","কিন্ত পশু সঙ্ক্রান্ত লাভে নয়, এই অর্থনীতিতে নয়."
"00:01:15,117 --> 00:01:17,828",JAKE,A VA check and 12 bucks will get you a cup of coffee.,একটি ভি এ চেক এবং ১২ টাকা তোমাকে এক কাপ কফি পাইয়ে দিতে পারে.
"00:01:18,495 --> 00:01:20,664",JAKE,I'm what they call… waitlisted.,আমি সেটা তারা যেটা ডাকে ... অপেক্ষমান তালিকাভুক্ত.
"00:01:29,715 --> 00:01:34,219",WOMAN [ON TV],"The Bengal Tiger, extinct for over a century is making a comeback.","বেঙ্গল টাইগার, এক শতাব্দী ধরে লুপ্ত যেটা পুনরায় আর্বিভাব হওয়ার মত গুনসম্পন্ন হয়ে উঠেছে."
"00:01:34,303 --> 00:01:38,556",WOMAN [ON TV],These cloned tiger cubs at the Beijing Zoo are the latest of a number of species,বেইজিং চিড়িয়াখানার এই ক্লোনড বাঘের বাচ্চাগুলো অসংখ্য প্রজাতির মধ্যে একদম সাম্প্রতিক।
"00:01:38,640 --> 00:01:42,435",WOMAN [ON TV],that have been cloned back into existence in the past five years.,যেগুলো অস্তিত্ব টিকিয়ে রাখার জন্য গত ৫ বছরে ক্লোনড করা হয়েছে.
"00:01:42,519 --> 00:01:45,271",JAKE,I became a marine for the hardship.,আমি কষ্টকর পরিস্থিতিতে একজন নৌসেনা হয়েছিলাম.
"00:01:45,355 --> 00:01:47,774",JAKE,To be hammered on the anvil of life.,জীবনের কামারখানাতে সর্বশক্তিতে আঘাতপ্রাপ্ত হওয়ার জন্য.
"00:01:49,109 --> 00:01:52,487",JAKE,I told myself I can pass any test a man can pass.,আমি নিজেকে বলতাম আমি যেকোনো পরিক্ষায় কৃতকার্য হতে পারি যেগুলো মানুষ পারে।
"00:01:55,365 --> 00:02:00,829",ALL,[CHANTING] Jake! Jake! Jake! Jake! Jake!,জ্যাক! জ্যাক! জ্যাক! জ্যাক! জ্যাক!
"00:02:04,333 --> 00:02:06,626",JAKE,"Let's get it straight, upfront.","সোজাসুজি ভাবে, মুক্তভাবে."
"00:02:06,710 --> 00:02:08,170",JAKE,I don't want your pity.,আমি তোমাদের করুনা চাই না.
"00:02:09,713 --> 00:02:12,424",JAKE,"You want a fair deal, you're on the wrong planet.","তুমি যদি ন্যায্য ব্যাবহার চাও, তাহলে তুমি ভুল গ্রহে আছ."
"00:02:17,346 --> 00:02:18,847",JAKE,The strong prey on the weak.,দূর্বলের সবচে বড় ভয়.
"00:02:19,890 --> 00:02:21,440",JAKE,That's just the way things are.,এটা শুধুমাত্র পরিস্থিতির জন্য একটা রাস্তা।
"00:02:23,018 --> 00:02:24,645",JAKE,And nobody does a damn thing.,এবং কেউ কিছু পরোয়া করে না.
"00:02:42,329 --> 00:02:44,164",WOMAN,Get off! Get off of him!,সরে যাও! তার থেকে সরে যাও!
"00:02:44,831 --> 00:02:49,419",JAKE,All I ever wanted in my sorry-ass life was a single thing worth fighting for.,আমার এই দুঃখময় জীবনে আমি সবসময় চাইতাম শুধুমাত্র একটু মূল্য যার জন্য আমি যুদ্ধ করছি.
"00:03:04,434 --> 00:03:06,603",BOUNCER,I hope you realized you just lost yourself a customer.,আমি আশা করছি তুমি বুঝতে পেরেছো যে তুমি এইমাত্র একজন খদ্দের হারিয়েছো.
"00:03:08,188 --> 00:03:10,356",JAKE,Candy-ass bitch.,(গালি)
"00:03:12,818 --> 00:03:14,768",JAKE,"If it ain't raining, we ain't training.","যদি বৃষ্টি না হতো, আমরা প্রতিযোগিতা করতাম না।"
"00:03:28,458 --> 00:03:30,793",AGENT 1,-It doesn't look like him. -It's him.,- এ দেখতে তার মতো না. - এ সে...ই.
"00:03:30,877 --> 00:03:33,129",AGENT 1,You Jake Sully?,তুমি জ্যাক সুলি?
"00:03:33,213 --> 00:03:35,465",JAKE,Step off. You're ruining my good mood.,পিছনে সরে দাড়াও. তুমি আমার খোশমেজাজ নষ্ট করছ.
"00:03:36,383 --> 00:03:37,583",AGENT 2,It's about your brother.,এটা তোমার ভাই এর সম্বন্ধে.
"00:04:14,004 --> 00:04:15,464",JAKE,"Jesus, Tommy.","জেসাস, টমি."
"00:04:15,839 --> 00:04:17,674",JAKE,The strong prey on the weak.,দূর্বলের সবচে বড় ভয়.
"00:04:18,550 --> 00:04:20,927",JAKE,A guy with a knife took all Tommy would ever be,একজন ছুরিওলা লোক টমির সব নিয়ে গেছে।
"00:04:21,803 --> 00:04:23,597",JAKE,for the paper in his wallet.,তার ওয়ালেট এর কাগজ পত্রের জন্য.
"00:04:25,432 --> 00:04:27,767",JAKE,The concern of the suits was touching.,স্যুটের ব্যাপারে উদ্বেগও মর্মস্পর্শী.
"00:04:27,851 --> 00:04:31,354",AGENT 1,Your brother represented a significant investment.,তোমার ভাই একটা গুরুত্বপূর্ণ অনুসন্ধানে প্রতিনিধিত্ব করছিলো।
"00:04:31,438 --> 00:04:33,898",AGENT 1,We'd like to talk to you about taking over his contract.,আমরা তার চুক্তিটি তুমি নেয়ার ব্যাপারে কথা বলতে আগ্রহী.
"00:04:33,982 --> 00:04:38,445",AGENT 2,"And since your genome is identical to his, you could step into his shoes,","এবং যেহেতু তোমার জিনোম তার সাথে হুবহু এক, তুমি তার রাস্তায় হাটতে পারো,"
"00:04:39,654 --> 00:04:41,031",AGENT 2,so to speak.,অনেক কিছু বলার আছে.
"00:04:41,865 --> 00:04:44,743",AGENT 1,It'd be a fresh start on a new world.,এটা একটা নতুন পৃথিবীতে নতুন শুরু।
"00:04:45,035 --> 00:04:48,705",AGENT 1,You could do something important. You can make a difference.,তুমি গুরুত্বপূর্ণ কিছু করতে পারো. তুমি ভিন্ন কিছু করতে পারো.
"00:04:53,960 --> 00:04:55,879",AGENT 1,And the pay is good.,এবং বেতনও ভালো.
"00:04:56,505 --> 00:04:57,506",AGENT 1,Very good.,খুব ভালো.
"00:04:58,757 --> 00:05:00,657",JAKE,"Tommy was the scientist, not me.","টমি বিজ্ঞানী ছিলো, আমি না."
"00:05:01,259 --> 00:05:05,096",JAKE,He was the one who wanted to get shot light-years out in space to find the answers.,সে একজন ছিল যে আলোকবর্ষ দুরের মহাজগত নিয়ে কিছু একটা করতে চেয়েছিলো সমাধান খুজতে.
"00:05:10,060 --> 00:05:13,897",JAKE,"Me, I was just another dumb grunt getting sent someplace he was gonna regret.","আমি, আমি ছিলাম অন্য বেকুব যে কিনা যেতে চাচ্ছিলাম সেখানে যেখানে সে যেতে অনুতপ্ত হতো."
"00:05:46,388 --> 00:05:47,988",JAKE,"In cryo, you don't dream at all.","ক্রাইও তে, তুমি সবকিছু কল্পনা করতে পারো না।"
"00:05:48,974 --> 00:05:51,017",JAKE,It doesn't feel like six years.,এটা ৬ বছরের মতো অনুভুতি না.
"00:05:51,101 --> 00:05:54,437",JAKE,More like a fifth of tequila and an ass-kicking.,tequila (মদ) এর ৫ম গ্লাস এবং একটি লাথি থেকেও বেশি।
"00:06:07,409 --> 00:06:09,119",JAKE,Are we there yet?,আমরা কি এখনো এসে পৌছেছি?
"00:06:09,369 --> 00:06:11,454",MED TECH,"Yeah, we're there, sunshine.","হ্যা, আমরা সেখানে, সানশাইন."
"00:06:11,788 --> 00:06:13,373",MED TECH,We're there.,আমরা সেখানে.
"00:06:13,874 --> 00:06:17,585",MED TECH,"You've been in cryo for five years, nine months and 22 days.","তোমরা ক্রাইও তে ৫ বছর, ৯ মাস এবং ২২ দিন ধরে আছ।"
"00:06:17,669 --> 00:06:20,505",MED TECH,You will be hungry. You will be weak.,তোমরা ক্ষুধার্ত হবে. তোমরা দূর্বল হবে.
"00:06:20,589 --> 00:06:25,677",MED TECH,"If you feel nausea, please use the sacks provided for your convenience.","যদি তোমরা বিতৃষ্ণা বোধ করো, দয়া করে তোমাদের সুবিধামতো সময়ে বস্তাগুলো ব্যবহার করো."
"00:06:26,011 --> 00:06:28,972",MED TECH,The staff thanks you in advance.,কর্মকর্তা তোমাদের আগাম শুভেচ্ছা জানিয়েছেন।
"00:06:42,527 --> 00:06:44,654",JAKE,Up ahead was Pandora.,সামনেই ছিলো প্যান্ডোরা.
"00:06:46,031 --> 00:06:49,993",JAKE,"You grew up hearing about it, but I never figured I'd be going there.","তোমরা শুনতে শুনতে বড় হয়েছো, কিন্তু আমি কল্পনা করতে পারিনি আমি সেখানে যাচ্ছি."
"00:07:08,929 --> 00:07:11,765",MAN,"Valkyrie 1-6, copy…","ভ্যাল্কিরি ১-৬, কপি..."
"00:07:11,973 --> 00:07:15,602",MAN,"Valkyrie 1-6, you are clear for de-orbit burn at 2-2-4-niner.","ভ্যাল্কিরি ১-৬, তোমরা de-orbit burn at 2-2-4-niner এর জন্য বিপদ্ মুক্ত।"
"00:07:15,894 --> 00:07:20,190",PILOT,"Copy, Venture Star. Go for de-orbit burn at 2-2-4-niner.","কপি, ভেঞ্চুর স্টার. de-orbit burn at 2-2-4-niner এর জন্য যাও."
"00:07:39,250 --> 00:07:41,043",CREW CHIEF,Exo-packs on! Let's go! Exo-packs on!,এক্সও প্যাক্স খোলো! চলো! এক্সও প্যাক্স খোলো!
"00:07:41,127 --> 00:07:42,628",ASSISTANT,Exo-packs on! Let's go!,এক্সও প্যাক্স খোলো! চলো!
"00:07:42,712 --> 00:07:47,842",CREW CHIEF,"Remember, people, you lose that mask, you're unconscious in 20 seconds, you're dead in four minutes!","মনে রেখো, মানুষরা, তোমরা যদি এই মাস্ক হারাও, তোমরা ২০ সেকেন্ডের জন্য অবচেতন হয়ে যাবে, তোমরা ৪ মিনিটের মাঝে মারা যাবে!"
"00:07:47,926 --> 00:07:49,427",CREW CHIEF,Let's nobody be dead today!,আজকে কেউ মরবে না!
"00:07:49,511 --> 00:07:51,262",CREW CHIEF,Looks very bad on my report.,আমার প্রতিবেদনে খারাপ দেখাবে.
"00:07:52,597 --> 00:07:55,725",PILOT,"Hell's Gate tower, this is TAV 1-6 on approach.","হেলস গেট টাওয়ার, এটা TAV 1-6, নিকটে."
"00:07:55,809 --> 00:07:57,809",PILOT,Crossing outer marker. Mine is in sight.,অতিক্রম করছি outer marker. আমারটা দৃষ্টির ভিতরে.
"00:08:40,061 --> 00:08:42,355",CREW CHIEF,Harnesses off! Get your packs!,সরঞ্জাম খোলো! তোমাদের বস্তাগুলো নাও!
"00:08:42,439 --> 00:08:45,900",CREW CHIEF,"-Put it together, let's go! Let's go! -Harnesses off! One minute!","- একসাথে নাও, চলো! চলো! - সরঞ্জাম খোলো! ১ মিনিট!"
"00:08:45,984 --> 00:08:49,987",CREW CHIEF,"When that ramp comes down, go directly into the base. Do not stop!","যখন ঢালু পথ নামবে, সোজাসুজি বেস এ যাবে। থামবে না!"
"00:08:50,071 --> 00:08:52,615",CREW CHIEF,Go straight inside. Wait for my mark!,সোজা ভিতরে যাও. আমার মার্ক এর জন্য অপেক্ষা করো!
"00:08:59,122 --> 00:09:03,001",CREW CHIEF,"Go, go, go, go! Get out of there! Keep moving! Let's go, let's go!","যাও, যাও, যাও, যাও! এখান থেকে চলে যাও! যেতে থাক! চলো, চলো!"
"00:09:13,136 --> 00:09:15,286",JAKE,There's no such thing as an ex-Marine.,এখানে একজন সাবেক নৌসেনা হিসেবে কিছুই করার নেই .
"00:09:16,222 --> 00:09:19,267",JAKE,"You may be out, but you never lose the attitude.","তুমি বাদ হয়ে যেতেও পারো, কিন্তু তোমার কখনো মনোভাব হারান চলবে না।"
"00:09:29,944 --> 00:09:32,822",WAINFLEET,"Let's go, special case! Do not make me wait for you!","চলো, বিশেষ ব্যাপার ! আমাকে তোমার জন্য অপেক্ষমান করো না!"
"00:09:32,906 --> 00:09:34,657",WAINFLEET,"Well, well, ladies.","ভালো, ভালো, ভদ্রমহিলাগন."
"00:09:36,076 --> 00:09:37,827",FIKE,Look at all this fresh meat!,এইসব তাজা মাংসের দিকে তাকাও!
"00:09:43,708 --> 00:09:49,464",JAKE,"Back on Earth, these guys were Army dogs, Marines, fighting for freedom.","পৃথিবীতে, এরা ছিলো সেনা কুকুর , নৌসেনা, স্বাধীনতার জন্য যুদ্ধ করেছে."
"00:09:56,179 --> 00:09:57,979",AMPSUIT OPERATOR,"Look out, hot rod!","বাইরে তাকাও, hot rod!"
"00:09:59,099 --> 00:10:03,936",JAKE,"But out here they're just hired guns, taking the money, working for the company.","কিন্তু বাইরে এখানে তারা শুধু ভাড়া করা আগ্নেয়াস্ত্র, টাকা নিচ্ছে, প্রতিষ্ঠানের জন্য কাজ করছে."
"00:10:04,020 --> 00:10:05,438",TROOPER,"Check this out, man.","এখানে দেখো, man."
"00:10:06,022 --> 00:10:07,524",WAINFLEET,Meals on wheels.,চাকার মাঝেও খাবার.
"00:10:08,858 --> 00:10:11,736",FIKE,"Oh, man, that is just wrong.","ও, man, এটা শুধু ভুল."
"00:10:24,582 --> 00:10:26,876",QUARITCH,You're not in Kansas anymore.,তোমরা আর কান্সাসে নও.
"00:10:29,295 --> 00:10:33,215",QUARITCH,"You are on Pandora, ladies and gentlemen.","তোমরা প্যান্ডোরা তে, ভদ্রমহিলা এবং ভদ্রমহোদয়গন."
"00:10:33,299 --> 00:10:37,053",QUARITCH,Respect that fact every second of every day.,এটাকে প্রতিদিন প্রতি সেকেন্ডে বিবেচনা করবে.
"00:10:39,305 --> 00:10:40,932",QUARITCH,"If there is a hell,","যদি এটা নরক ও হয়,"
"00:10:41,683 --> 00:10:46,312",QUARITCH,you might want to go there for some R&R after a tour on Pandora.,তাও তোমাকে কিছু R&R এর জন্য সেখানে যেতে হবে প্যান্ডোরা তে একটি সফর এর পরেও.
"00:10:47,146 --> 00:10:49,315",QUARITCH,"Out there, beyond that fence,","বাইরে, এই সুরক্ষা থেকে দূরে,"
"00:10:49,399 --> 00:10:56,990",QUARITCH,"every living thing that crawls, flies or squats in the mud wants to kill you and eat your eyes for Jujubes.","যত প্রানীরা ঘোরাফেরা করছে, মাছিরা বা কাদায় বসবাসকারীরা তোমাদের মারতে চাইবে এবং তোমাদের চোখগুলো খাবে Jujubes এর জন্য"
"00:10:58,867 --> 00:11:03,621",QUARITCH,We have an indigenous population of humanoids called the Na'vi.,আমাদের একটা মানুষের মত দরিদ্র জনগোষ্ঠী রয়েছে যাদের না'ভী বলে ডাকা হয়.
"00:11:03,705 --> 00:11:08,918",QUARITCH,They're fond of arrows dipped in a neurotoxin that'll stop your heart in one minute.,তারা নিউরোটক্সিন এ ডুবানো তীর পছন্দ করে যেগুলো তোমাদের হৃৎপিন্ড কে ১ মিনিটে বন্ধ করে দিতে পারে.
"00:11:09,002 --> 00:11:13,381",QUARITCH,And they have bones reinforced with naturally occurring carbon fiber.,এবং তাদের হাড়্গুলো প্রাকৃতিকভাবে কার্বন ফাইবার দিয়ে দৃঢ় করা।
"00:11:14,007 --> 00:11:15,842",QUARITCH,They are very hard to kill.,তাদের মারা খুবই শক্ত.
"00:11:17,302 --> 00:11:21,306",QUARITCH,"As head of security, it is my job to keep you alive.","নিরাপত্তা বাহিনীর প্রধান হিসেবে, তোমাদের জীবিত রাখাই আমার কাজ।"
"00:11:23,224 --> 00:11:25,018",QUARITCH,I will not succeed.,আমি সার্থক হবো না.
"00:11:27,186 --> 00:11:28,605",QUARITCH,Not with all of you.,তোমাদের সবাইকে নিয়ে নয়.
"00:11:29,689 --> 00:11:34,694",QUARITCH,"If you wish to survive, you need to cultivate a strong mental attitude.","যদি তোমরা টিকে থাকতে চাও, তোমাদের একটি কঠিন মনোভাব পোষন করা প্রয়োজন."
"00:11:35,486 --> 00:11:37,697",QUARITCH,You've got to obey the rules.,তোমাদের নিয়মগুলো মেনে চলতে হবে.
"00:11:38,489 --> 00:11:40,491",QUARITCH,Pandora rules.,প্যান্ডোরা  নিয়ম.
"00:11:43,536 --> 00:11:46,998",JAKE,There's nothing like an old-school safety brief to put your mind at ease.,এখানে কোনো পুরানো দিনের মতো নিরাপত্তা জনিত সংক্ষিপ্ত বিবৃতি নেই যেটা তোমার মনকে উদ্বেগহীন করতে পারে.
"00:11:49,334 --> 00:11:51,794",NORM,Excuse me. Excuse me. Jake!,ক্ষমা করবেন. ক্ষমা করবেন. জ্যাক !
"00:11:51,878 --> 00:11:54,881",NORM,"You're Jake, right? Tom's brother.","তুমি জ্যাক , তাই না? টমের ভাই."
"00:11:55,548 --> 00:11:57,800",NORM,Wow! You look just like him.,ওয়াও! তুমি দেখতে তার মতোই.
"00:11:57,884 --> 00:12:01,637",NORM,"Sorry, I'm Norm. Spellman. I went through avatar training with him.","দুঃখিত, আমি নর্ম. স্পেল্মেন. আমি তার সাথে অ্যাভাটার প্রশিক্ষনে গিয়েছিলাম."
"00:12:01,721 --> 00:12:03,723",NORM,[CHUCKLING] …into the bio-lab.,...বায়ো-ল্যাবে.
"00:12:04,432 --> 00:12:05,975",NORM,We're gonna spend a lot of time up here.,আমরা এখানে অনেক সময় কাটিয়েছি.
"00:12:06,059 --> 00:12:08,978",NORM,"Hey! How you doing? Norm, avatar driver.","হেই! কি করছো? নর্ম, অ্যাভাটার চালক."
"00:12:10,396 --> 00:12:11,981",NORM,Link… Here's the link room right here.,সংযুক্তি... এখানে সংযুক্তি রুম.
"00:12:12,065 --> 00:12:14,359",NORM,This is where we're connecting to the avatar.,এখানে আমরা অ্যাভাটারে যুক্ত হই.
"00:12:16,152 --> 00:12:21,490",JAKE,Me and Norm are here to drive these remotely controlled bodies called avatars.,আমি আর নর্ম এখানে চালাই। এই দুরনিয়ন্ত্রীত দেহগুলোকে বলা হয় অ্যাভাটার.
"00:12:21,574 --> 00:12:26,579",JAKE,And they're grown from human DNA mixed with the DNA of the natives.,এবং তাদের স্থানীয়দের DNA এর সাথে মানব DNA মিশিয়ে জন্মানো হয়েছে.
"00:12:26,663 --> 00:12:28,622",SCIENTIST,Hey. Welcome. Hey.,- হেই. স্বাগতম. - হেই.
"00:12:28,706 --> 00:12:31,501",SCIENTIST,Welcome to Pandora. Good to have you. -Thanks.,- প্যান্ডোরায় স্বাগতম. তোমাকে পেয়ে ভালো লাগছে. - ধন্যবাদ.
"00:12:33,086 --> 00:12:34,962",JAKE,[LAUGHS] Damn! They got big.,মূর্খ! তারা বৃহৎ.
"00:12:35,046 --> 00:12:37,590",MAX,"Yeah, they fully mature on the flight out.","ইয়া, তারা নড়াচড়া করার জন্য পুরোপুরি পূর্ণাঙ্গ."
"00:12:37,674 --> 00:12:40,009",NORM,So the proprioceptive sims seem to work really well.,তাহলে দেখা যাচ্ছে প্রোপ্রাইওসেপ্টিভ সিমগুলো ভালোই কাজ করছে।
"00:12:40,093 --> 00:12:41,969",MAX,"Yeah, they've got great muscle tone.","ইয়া, তাদের পেশির সুস্থতা অত্যন্ত ভালো."
"00:12:42,053 --> 00:12:45,972",MAX,"It'll take us a few hours to get them decanted, but you guys can take them out tomorrow.","তাদের স্রাবন করতে আমাদের আরও কিছু সময় লাগবে, কিন্তু তোমরা তাদের কালকে বাইরে নিয়ে যেতে পারবে."
"00:12:49,477 --> 00:12:51,061",NORM,Hey. Dr. Norm Spellman.,"হেই, ড. নর্ম স্পেল্মেন."
"00:12:51,145 --> 00:12:54,345",MAX,"-Dr. Max Patel. Great to meet you. -Good to meet you, yeah.","- ড. ম্যাক্স প্যাটেল. তোমার সাথে সাক্ষাৎ করে খুশি হলাম. - সাক্ষাৎ করে ভালো লাগলো, ইয়া."
"00:13:17,964 --> 00:13:19,465",MAX,Looks like him.,দেখতে তার মতোই.
"00:13:20,717 --> 00:13:22,552",MAX,"No, it looks like you.","না, এটি দেখতে তোমার মতো."
"00:13:23,636 --> 00:13:25,596",NORM,"This is your avatar now, Jake.","এটা এখন তোমার অ্যাভাটার, জ্যাক."
"00:13:28,850 --> 00:13:38,943",JAKE,"And the concept is that every driver is matched to his own avatar, so that their nervous systems are in tune, or something.","এবং ধারনা হচ্ছে যে  প্রতিটি চালক তার নিজের অ্যাভাটার এর সাথে সমকক্ষ, তাই তাদের স্নায়ুতন্ত্র সঙ্গতিপূর্ন, অথবা অন্যকিছু."
"00:13:40,278 --> 00:13:47,618",JAKE,"Which is why they offered me the gig, because I can link with Tommy's avatar, which is insanely expensive.","যেটা হচ্ছে কেন তারা আমাকে চুক্তি প্রস্তাব করল, কারন আমি টমির অ্যাভাটার এর সাথে যুক্ত হতে পারি, যেটা উন্মাদীয়ভাবে দামী."
"00:13:48,369 --> 00:13:51,830",JAKE,Is this right? I just say whatever to the video log?,এটা কি সঠিক? আমি যেটাই ভিডিও লগে বলি না কেন?
"00:13:51,914 --> 00:13:54,083",NORM,"Yeah, we gotta get in the habit of documenting everything.","ইয়া, আমাদের সব কিছু উপস্থাপন করার অভ্যাস হয়ে গেছে."
"00:13:54,167 --> 00:13:57,378",NORM,"You know, what we see, what we feel. It's all part of the science.","তুমি জান, আমরা যা দেখি, আমরা যা অনুভব করি. এগুলো সব কিছুই বিজ্ঞানের অংশ."
"00:13:57,462 --> 00:13:59,004",NORM,And good science is good observation.,এবং ভাল বিজ্ঞান হচ্ছে ভাল পর্যবেক্ষন.
"00:13:59,088 --> 00:14:01,548",MAX,Plus it'll help to keep you sane for the next six years.,যোগ করলে এটা তোমাকে আগামি ৬ বছরের জন্য মানসিক ভাবে সুস্থ রাখবে.
"00:14:06,345 --> 00:14:13,686",JAKE,"So, uh… Well, here I am, doing science.","তাহলে... ভাল, এখানে আমি, বিজ্ঞান বানাচ্ছি."
"00:14:14,854 --> 00:14:16,313",MALE TECHNICIAN,They're coming out!,তারা বাইরে আসছে!
"00:14:16,397 --> 00:14:18,997",WOMAN [ON PA],Attention. Drivers coming out of link.,দৃষ্টি আকর্ষন. চালকরা সংযুক্তি থেকে বেরিয়ে আসছেন.
"00:14:26,199 --> 00:14:27,700",GRACE,"[SIGHING] Oh, God.","ওহ, ঈশ্বর."
"00:14:29,660 --> 00:14:31,370",FEMALE TECH,Where's the lab coat? Where's the lab coat?,ল্যাব পোশাক কোথায়? ল্যাব পোশাক কোথায়?
"00:14:31,454 --> 00:14:37,752",GRACE,Who's got my goddamn cigarette? Guys! What's wrong with this picture?,কে আমার ঈশ্বরপ্রদত্ত সিগারেটটি নিয়েছে? লোকরা! এই ছবিটিতে কি ভুল আছে?
"00:14:38,878 --> 00:14:40,171",TECH,Thank you!,ধন্যবাদ!
"00:14:40,296 --> 00:14:42,297",NORM,Grace Augustine is a legend.,গ্রেস অগাস্টিন এতে বিখ্যাত.
"00:14:42,381 --> 00:14:47,720",NORM,"She's the head of the Avatar Program. She wrote the book, I mean, literally wrote the book on Pandoran botany.","তিনি হচ্ছেন অ্যাভাটার প্রোগ্রাম এর প্রধান. তিনি বই লেখেন, আমি বুঝাতে চাচ্ছি যে, আক্ষরিক ভাবে প্যান্ডোরার উদ্ভিদবিদ্যা নিয়ে বই লেখেন."
"00:14:47,845 --> 00:14:50,514",MAX,"Well, that's 'cause she likes plants better than people.","ভাল, একারনেই তিনি মানুষের চেয়েও উদ্ভিদ বেশি ভালবাসেন।"
"00:14:50,598 --> 00:14:52,474",MAX,"Here she is, Cinderella back from the ball.","এই যে তিনি, সিন্ডারেলা বল থেকে ফিরে এসেছেন."
"00:14:52,558 --> 00:14:56,229",MAX,"Grace, I'd like you to meet Norm Spellman and Jake Sully.","গ্রেস, আমি তোমার সাথে নর্ম স্পেল্মেন এবং জ্যাক সুলি কে সাক্ষাৎ করাতে ইচ্ছুক."
"00:14:57,980 --> 00:15:01,692",GRACE,Norm. I hear good things about you. How's your Na'vi?,নর্ম. আমি তোমার ব্যাপারে ভাল শুনেছি. তোমার না'ভী কেমন চলছে?
"00:15:02,860 --> 00:15:07,156",NORM,May the All Mother smile upon our first meeting.,সকলের মা অবশ্যই ...আমাদের প্রথম সাক্ষাৎকারের উপরে হাসছে
"00:15:07,281 --> 00:15:10,409",GRACE,Not bad. You sound a little formal.,খারাপ না. তোমাকে কিছুটা নিষ্ঠাবান মনে হচ্ছে.
"00:15:11,577 --> 00:15:15,957",NORM,"I studied for five years, but there is much to learn.",আমি ৫ বছর ধরে পড়াশোনা করেছি... ...কিন্তু এখনো অনেক কিছু শেখার বাকি আছে.
"00:15:16,165 --> 00:15:18,667",MAX,[IN ENGLISH] Grace? This is Jake Sully.,গ্রেস? এ হচ্ছে জ্যাক সুলি.
"00:15:20,211 --> 00:15:24,256",GRACE,"Yeah, yeah. I know who you are, and I don't need you. I need your brother.","ইয়া, ইয়া. আমি জানি তুমি কে, এবং আমার তোমাকে প্রয়োজন নেই. আমার তোমার ভাই কে প্রয়োজন."
"00:15:24,340 --> 00:15:27,968",GRACE,"You know, the PhD who trained for three years for this mission?","তুমি জান, এই PhD কে যে তিন বছরের প্রশিক্ষিত ছিল এই বিশেষ দায়িত্বের জন্য?"
"00:15:28,052 --> 00:15:29,470",JAKE,He's dead.,সে মৃত.
"00:15:30,179 --> 00:15:32,379",JAKE,I know it's a big inconvenience for everyone.,আমি জানি এটা সবার জন্য একটা বড় ঝামেলা .
"00:15:33,599 --> 00:15:35,349",GRACE,How much lab training have you had?,তোমার কতটুকু ল্যাব প্রশিক্ষন ছিল?
"00:15:35,601 --> 00:15:36,936",JAKE,I dissected a frog once.,আমি একবার একটি ব্যাঙ্ ব্যবচ্ছেদ করেছিলাম.
"00:15:38,312 --> 00:15:43,807",GRACE,"You see? You see? I mean, they're just pissing on us without even the courtesy of calling it rain.","তুমি দেখেছো? তুমি দেখেছো? আমি বলতে চাচ্ছি, তারা আমাদের সাথে শুধু মাতলামী করছে। এমনকি এটাকে বৃষ্টি বলার শিষ্টাচার ছাড়াও."
"00:15:43,985 --> 00:15:47,988",MAX,"I'm going to Selfridge. No, Grace, I don't think that's a good idea.","- আমি সেলফ্রিজে যাচ্ছি. - না, গ্রেস, আমি মনে করি না এটা একটা ভাল পরিকল্পনা."
"00:15:47,988 --> 00:15:48,072",GRACE,"No, man, this is such bullshit!","না, man, এটা ফালতু!"
"00:15:48,072 --> 00:15:49,490",GRACE,I'm gonna kick his corporate butt.,আমি তার সংস্থার পিছনে লাথি মারতে যাচ্ছি.
"00:15:49,574 --> 00:15:52,224",GRACE,He has no business sticking his nose in my department.,তার আমার বিভাগে নাক গলানোর কোনো অধিকার নেই।
"00:15:53,452 --> 00:15:57,290",GRACE,"Here tomorrow, 0800. Try and use big words.","আগামীকাল, ০৮০০. বড় ভাষা ব্যবহার কর এবং করতে চেষ্টা কর."
"00:16:16,976 --> 00:16:19,478",SELFRIDGE,"Mmm! You see that? Yes, sir.","তুমি এটা দেখেছো? - হ্যা, স্যার."
"00:16:19,562 --> 00:16:21,647",SELFRIDGE,"No, you didn't. You were looking at the monitor.","না, তুমি দেখোনি. তুমি মনিটরের দিকে তাকিয়েছিলে."
"00:16:21,731 --> 00:16:24,650",SELFRIDGE,"I love this putter, Ronnie! I love this putter.","আমি এই পাত্রটিকে ভালবাসি, রনি! আমি এই পাত্রটিকে ভালবাসি."
"00:16:27,528 --> 00:16:34,785",GRACE,"Parker, you know, I used to think it was benign neglect, but now I see that you're intentionally screwing me.","পার্কার, তুমি জান, আমি ভাবতে অভ্যস্ত যে এটি সহ্রদয় অবজ্ঞা ছিল, কিন্তু এখন আমি দেখতে পাচ্ছি যে তুমি ইচ্ছাকৃতভাবে আমাকে নিংড়ে ফেলছ."
"00:16:34,869 --> 00:16:38,456",SELFRIDGE,"Grace, you know, I enjoy our little talks.","গ্রেস, তুমি জান, আমি আমাদের এই সংক্ষিপ্ত আলাপ উপভোগ করি ."
"00:16:42,835 --> 00:16:46,255",GRACE,I need a researcher. Not some jarhead dropout.,আমার একজন গবেষক প্রয়োজন. কোন মস্তিস্কবিহীন নয়.
"00:16:46,339 --> 00:16:49,591",SELFRIDGE,"Well, actually, I thought we got lucky with him. -Lucky? Yeah.","- ভাল, আসলে, আমি ভাবছিলাম আমরা তাকে পেয়ে ভাগ্যবান. - ভাগ্যবান? - ইয়া."
"00:16:49,675 --> 00:16:51,718",GRACE,How is this in any way lucky?,এটা কোন দিক দিয়ে ভাগ্যবান?
"00:16:51,802 --> 00:16:58,559",SELFRIDGE,"Lucky your guy had a twin brother, and lucky that brother wasn't some oral hygienist or something.","ভাগ্যবান যে তোমার লোকটির একজন যমজ ভাই ছিল, এবং ভাগ্যবান যে  ভাইটি কোনো মুখবিষয়ক  স্বাস্থ্যবিজ্ঞানী ছিল না বা অন্যকিছু."
"00:16:58,643 --> 00:17:00,477",SELFRIDGE,A Marine we can use.,একজন নৌসেনা আমরা ব্যবহার করতে পারি.
"00:17:00,561 --> 00:17:04,022",SELFRIDGE,I'm assigning him to your team as security escort. -The last thing I need is another trigger-happy moron out there!,আমি তাকে তোমার দলে নিরাপত্তা প্রহরী হিসেবে দায়ীত্ব দিয়েছি. - শেষ বিষয় হচ্ছে আমার বাইরে এখানে আরেকজন বোকা লোক দরকার!
"00:17:04,106 --> 00:17:07,109",SELFRIDGE,"Look, look, you're supposed to be winning the hearts and the minds of the natives.","দেখো, দেখো, তোমার হ্রদয় জয় করার কথা। এবং স্থানীয়দের মনকে."
"00:17:07,193 --> 00:17:12,406",SELFRIDGE,"Isn't that the whole point of your little puppet show? If you look like them and you talk like them, then they'll start trusting us.","এটা তোমার ছোট পুতুল নাচের পুরো দিক নয় কি? তোমাকে যদি তাদের মতো দেখায় এবং তুমি যদি তাদের মতো কথা বলো, তখন তারা আমাদেরকে বিশ্বাস করতে শুরু করবে."
"00:12:48,000 --> 00:17:16,577",SELFRIDGE,"We build them a school, we teach them English, but after, what, how many years?","আমরা তাদের একটা স্কুল তৈরী করে দেবো, আমরা তাদের ইংরেজী শেখাবো, কিন্তু তারপর, কি, কয় বছর ধরে?"
"00:17:16,661 --> 00:17:18,162",SELFRIDGE,Relations with the indigenous are only getting worse.,দরিদ্রের সাথে আত্মীয়তা শুধু খারাপের দিকেই যাবে
"00:17:18,246 --> 00:17:21,072",GRACE,"Yeah, that tends to happen when you use machine guns on them.","ইয়া, এর প্রবনতা তখনি দেখা দেবে যখন তুমি তাদের দিকে মেশিন গান ব্যবহার করবে."
"00:17:29,799 --> 00:17:35,929",SELFRIDGE,This is why we're here. Unobtanium. Because this little gray rock sells for 20 million a kilo.,এর জন্যই আমরা এখানে. আনঅবটেনিয়াম. কারন এই ছোট ধুসর পাথর কেজিতে ২০ মিলিয়ন টাকায় বিক্রি হবে.
"00:17:36,013 --> 00:17:39,224",SELFRIDGE,That's the only reason. It's what pays for the whole party.,এটাই একমাত্র কারন. এটা পুরো একটা পার্টির মূল্য পরিশোধ করতে পারে.
"00:17:39,308 --> 00:17:41,185",SELFRIDGE,It's what pays for your science.,এটা তোমার বিজ্ঞান পরিশোধ করতে পারে.
"00:17:42,603 --> 00:17:50,319",SELFRIDGE,"Now, those savages are threatening our whole operation, we're on the brink of war, and you're supposed to be finding a diplomatic solution.","এখন, ঐ বন্যরা আমাদের পুরো অপারেশনকে হুমকি দিচ্ছে, আমরা যুদ্ধের দিকে যাচ্ছি, আর তোমার একটা কুটনৈতিক সমাধান খোজার কথা."
"00:17:50,403 --> 00:17:53,948",SELFRIDGE,"So use what you've got, and get me some results.","তো তুমি যা পেয়েছো তাই ব্যবহার করো, এবং আমাকে কিছু ফলাফল দিতে থাক."
"00:18:04,834 --> 00:18:07,336",GRACE,"So, how much link time have you logged?","তাহলে, তোমার কতক্ষন সংযুক্ত হওয়ার সময় অন্তর্ভূক্ত করা আছে?"
"00:18:07,420 --> 00:18:09,796",NORM,About 520 hours.,৫২০ ঘন্টা ধরে.
"00:18:13,968 --> 00:18:15,510",GRACE,How much have you logged?,তোমার কতক্ষন অন্তর্ভূক্ত করা আছে?
"00:18:15,594 --> 00:18:17,847",JAKE,Zip. But I read a manual.,কিছুই নেই. কিন্তু আমি একটা বিবরন পড়েছি.
"00:18:19,223 --> 00:18:20,323",GRACE,Tell me you're joking.,আমাকে বল যে তুমি তামাশা করছো.
"00:18:22,601 --> 00:18:23,602",JAKE,This is cool.,এটা উপভোগ্য.
"00:18:24,437 --> 00:18:25,688",GRACE,Let's go.,চলো.
"00:18:29,775 --> 00:18:31,485",JAKE,Don't. I got this.,লাগবে না. আমি পারবো.
"00:18:35,406 --> 00:18:44,623",GRACE,"So you just figured you'd come out here, to the most hostile environment known to man, with no training of any kind, and see how it went?","তো তুমি এইমাত্র বের করলে তুমি এখানে এসেছো, মানুষের জানা সবচে বড় প্রতিকুল পরিবেশে, কোনোরকম প্রশিক্ষন ছাড়াই, এবং দেখতে এটা কিরকম?"
"00:18:45,041 --> 00:18:47,376",GRACE,What was going through your head?,তোমার মাথায় কি ঘোরাফেরা করছে?
"00:18:47,460 --> 00:18:50,310",JAKE,Maybe I was sick of doctors telling me what I couldn't do.,হয়তোবা আমি ডাক্তার এর 'যেটা আমি পারব না' এই কথার ফলে বিতৃষ্ণ ছিলাম.
"00:18:51,380 --> 00:18:53,758",TECH,Biometrics are good. Link three is ready.,- বায়োমেট্রিক্স ভালোই. - সংযুক্তি ৩ প্রস্তুত.
"00:18:54,133 --> 00:18:58,471",GRACE,"Keep your arms in, hands in, head down.","তোমার বাহু রাখো, হাত রাখো, মাথা নিচে."
"00:18:59,555 --> 00:19:03,309",GRACE,Down. Just relax and let your mind go blank.,নিচে. আরাম করো আর তোমার মনকে ফাঁকা হতে দাও.
"00:19:04,018 --> 00:19:05,477",GRACE,That shouldn't be hard for you.,এটা তোমার জন্য কঠিন কিছু হবে না.
"00:19:05,561 --> 00:19:07,813",JAKE,[CHUCKLING] Kiss the darkest part of my lily white…,আমার লিলি হোয়াইটের অন্ধকার অধ্যায়কে চুমু খাও...
"00:19:07,897 --> 00:19:09,357",MAX,Initiate link.,সংযুক্তি চালু হচ্ছে.
"00:19:10,149 --> 00:19:12,609",MAX,Run sequence unit three. Go.,সিকোয়েন্স ইউনিট ৩ চালাচ্ছি. যাও.
"00:19:12,693 --> 00:19:14,111",LINK TECH,Launching.,চালু হচ্ছে.
"00:19:19,575 --> 00:19:21,077",LINK TECH,I have the first congruency.,আমি প্রথম মিল পেয়েছি.
"00:19:29,502 --> 00:19:32,045",MAX,That's a gorgeous brain. Nice activity.,এটা একটা চমৎকার মস্তিষ্ক. সুন্দর সক্রিয়তা.
"00:19:32,129 --> 00:19:34,632",GRACE,Hmm. Go figure.,ভালোভাবে খুজে দেখো.
"00:19:35,049 --> 00:19:37,051",LINK TECH,Phase-lock 40%.,ফেজ-লক ৪০%.
"00:19:41,013 --> 00:19:42,598",GRACE,All right. Going in.,ঠিক আছে. যাচ্ছি.
"00:19:43,224 --> 00:19:44,809",GRACE,I'm going in in four.,আমি ৪ এর ভেতরে যাচ্ছি.
"00:19:47,853 --> 00:19:50,481",LINK TECH,Phase-lock 99%. Link is stable.,ফেজ-লক ৯৯%. সংযুক্তি অপরিবর্তনীয়.
"00:20:05,329 --> 00:20:11,168",MAX,"He's in. Jake, can you hear me? Can you hear me, Jake?","সে ঢুকেছে. জ্যাক, তুমি কি আমাকে শুনছো? তুমি কি আমাকে শুনছো, জ্যাক?"
"00:20:11,252 --> 00:20:12,878",LINK TECH,Pupillary reflex is good.,চোখের মনির প্রতিফলন ভালো.
"00:20:15,631 --> 00:20:18,050",MAX,"Pinna response normal. How you feeling, Jake?","সাড়া দেওয়া ও ঠিক আছে. তুমি কেমন অনুভব করছ, জ্যাক?"
"00:20:19,385 --> 00:20:20,761",JAKE,"Hey, guys.","হেই, লোকজন."
"00:20:21,637 --> 00:20:23,347",MAX,"[CHUCKLES] Welcome to your new body, Jake.","তোমার নতুন দেহে স্বাগতম, জ্যাক."
"00:20:23,431 --> 00:20:24,806",FEMALE TECH,Good!,ভালো!
"00:20:24,890 --> 00:20:26,391",MAX,"Yeah, we're gonna take this nice and easy, Jake.","ইয়া, আমরা এটাকে সুন্দর আর সহজবভাবে নিচ্ছি, জ্যাক."
"00:20:26,475 --> 00:20:28,602",MAX,And touch your thumb to your fingers. -Yeah.,- এবং তোমার বুড়ো আঙ্গুল থেকে অন্য আঙ্গুলগুলো স্পর্শ করো. - ইয়া.
"00:20:28,686 --> 00:20:30,062",JAKE,Thumb to your fingers. -No problem.,- বুড়ো আঙ্গুল থেকে অন্য আঙ্গুলগুলো. - সমস্যা নেই.
"00:20:30,146 --> 00:20:31,730",MAX,That's good. I can see you can remember that one.,এটা ভালো. আমি তোমাকে দেখে একে চিনতে পারছি.
"00:20:31,814 --> 00:20:32,814",JAKE,Got it.,পেয়েছি.
"00:20:32,898 --> 00:20:35,317",MAX,"Well, if you want to sit up, that's fine. -Okay, good.","- ভালো, তুমি যদি বসে থাকতে চাও, - খুব ভালো. - ওকে, ভালো."
"00:20:35,401 --> 00:20:38,403",MAX,"Just take it nice and slow, Jake. Good. Okay, well, no truncal ataxia, that's good.","শুধু উঠো সুন্দরভাবে এবং আস্তে, জ্যাক. ভালো. ওকে, ভালো, কোনো ট্রাংকাল গোলমাল নেই, এটা ভালো."
"00:20:38,487 --> 00:20:41,990",MAX,Are you feeling lightheaded or dizzy at all? -You're wiggling your toes!,তুমি কি এতে উদ্ভ্রান্ত বা হতবুদ্ধি অনুভব করছো ? তুমি তোমার পায়ের আঙ্গুলগুলো নাড়াচ্ছো!
"00:20:42,074 --> 00:20:43,825",MALE TECH,"Good. Good, Jake. -That's great.","- ভালো. ভালো, জ্যাক. - এটা চমৎকার."
"00:20:45,369 --> 00:20:48,413",MALE TECH,"Distal motor control is good. Good, Jake.","ডিস্টাল মোটোর কন্ট্রোল ঠিক আছে. ভালো, জ্যাক."
"00:20:48,497 --> 00:20:51,167",MALE TECH,Are you feeling any numbness or pain?,তুমি কি অসাড়তা বা ব্যথা অনুভব করছো?
"00:20:52,084 --> 00:20:53,794",MAX,"That's great, Jake. Hold on, now.","এটা চমৎকার, জ্যাক. থামো, এখনি."
"00:20:54,086 --> 00:20:56,129",MAX,"Take it easy. Don't get ahead of yourself, okay?","সহজভাবে নাও. নিজে নিজে সামনে এগিও না, ঠিক আছে?"
"00:20:56,213 --> 00:20:59,800",MAX,"There's a few more sensory motor reflex tests we need to run, so take it easy.","অল্প কিছু ইন্দ্রিয় সমন্ধীয় মোটোর রিফ্লেক্স পরীক্ষা আমাদের চালানো প্রয়োজন, তাই সহজভাবে নাও."
"00:20:59,884 --> 00:21:00,884",JAKE,Ooh! Wait.,অপেক্ষা করো.
"00:21:00,968 --> 00:21:02,469",MAX,"Jake. -Sit down, Jake.","- জ্যাক. - বসো, জ্যাক."
"00:21:02,553 --> 00:21:04,889",MAX,Jake! Listen to me. Jake! Whoa.,জ্যাক! আমাকে শোনো. জ্যাক!
"00:21:05,598 --> 00:21:07,265",MAX,I need you to sit down. -Jake! -It's okay.,- আমি চাই তুমি বসো. - জ্যাক! - ঠিক আছে.
"00:21:07,349 --> 00:21:09,142",MAX,"Buddy, listen to me. -It's all good. I got this.","- ইয়ার, আমাকে শোনো. - এটা পুরোপুরি ভালো. আমি আছি."
"00:21:09,226 --> 00:21:11,353",MAX,"Jake, you need to sit down right now.","- জ্যাক, তোমার এই মুহুর্তে বসা প্রয়োজন. - লোকজন, তাকে এখনি গারনিতে ফিরিয়ে নিয়ে এসো."
"00:21:11,437 --> 00:21:12,854",MAX,"Guys, get him back on the gurney now.","লোকজন, তাকে এখনি গারনিতে ফিরিয়ে নিয়ে এসো."
"00:21:12,938 --> 00:21:15,065",MAX,"Listen to me. For your own safety, you need to sit down.","আমাকে শোনো. তোমার নিজের সুরক্ষার জন্য, তোমার বসা প্রয়োজন."
"00:21:15,149 --> 00:21:17,984",MAX,You need time to adjust to the avatar… Whoa! Jake!,অ্যাভাটারের সাথে মানিয়ে নেয়ার জন্য তোমার সময় প্রয়োজন ... ওয়া! জ্যাক!
"00:21:18,068 --> 00:21:20,196",MAX,"God, Jake, watch your tail. -[LAUGHING] Yeah!","- ঈশ্বর, জ্যাক, তোমার লেজের দিকে দেখো . - ইয়া!"
"00:21:20,404 --> 00:21:24,491",GRACE,Sedate! Sedate him! A thousand milligrams of Supitocam! Stat!,শান্ত! তাকে শান্ত করো! একটা হাজার মি.গ্রা. এর সাপিটোক্যাম! শুরু!
"00:21:24,575 --> 00:21:26,868",MAX,Guys! Guys! Whoa! Whoa!,লোকজন! লোকজন! ওয়া! ওয়া!
"00:21:26,952 --> 00:21:27,953",NORM [ON INTERCOM],By the numbers.,ধাপে ধাপে.
"00:21:28,037 --> 00:21:29,454",NORM,Jake. Come on. -Jake! Listen to me.,- জ্যাক. দেখো. - জ্যাক! আমাকে শোন.
"00:21:29,538 --> 00:21:31,123",MAX,You're not used to your avatar body.,তুমি তোমার অ্যাভাটার দেহে অভ্যস্ত নও.
"00:21:31,207 --> 00:21:32,874",MAX,This is dangerous. -This is great.,- এটা বিপদজনক. - এ্টা চমৎকার.
"00:21:32,958 --> 00:21:36,253",MAX,"Jake? Jake, listen to me. -Come on. They're gonna put you out.","- জ্যাক? জ্যাক, আমাকে শোন.. - দেখো. তারা তোমাকে সরিয়ে দেবে."
"00:21:38,797 --> 00:21:39,965",MALE TECH,"Norm, sit down. -No, no. I gotta get out of these leads.","- নর্ম , বসো. - না, না. আমাকে অবশ্যই এগিয়ে বের করতে হবে."
"00:21:40,049 --> 00:21:41,466",NORM,"No, no. I gotta get out of these leads.","না, না. আমাকে অবশ্যই এগিয়ে বের করতে হবে."
"00:21:41,550 --> 00:21:43,135",GRACE,God damn it! Bring them home!,ঈশ্বরের নিকুচি করি! তাদের ঘরে নিয়ে এসো!
"00:21:43,219 --> 00:21:46,278",MAX,Norm! Do not leave control! -You're not ready for it!,- নর্ম! নিয়ন্ত্রন ছেড়ো না! - তুমি এটার জন্য তৈরী না !
"00:21:47,640 --> 00:21:50,016",JAKE,"Oh, come on, you ain't got no skills.","ওহ, দেখো, তোমার কোনো দক্ষতা নেই."
"00:21:50,100 --> 00:21:51,476",JAKE,Ooh! Ooh! So close!,কাছেই!
"00:21:51,560 --> 00:21:53,145",JAKE,I don't even have to play defense on it.,যদিও আমি এটার ডিফেন্স খেলি নি.
"00:21:53,229 --> 00:21:54,729",MALE AVATAR,"Hey, guys. Hey. -Whoa.","হেই, লোকজন. হেই."
"00:21:54,813 --> 00:21:57,107",NORM,"It's okay, I'll get him. -Jake, you have to come back!","- ঠিক আছে, আমি তাকে আনছি. - জ্যাক, তোমার ফিরে আসা দরকার!"
"00:21:57,191 --> 00:21:58,984",NORM,Jake! Jake! Excuse me.,জ্যাক! জ্যাক! ক্ষমা করবেন.
"00:22:01,529 --> 00:22:03,155",NORM,Watch it! -Sorry!,- দেখে যাও! - দুঃখিত!
"00:22:03,239 --> 00:22:04,657",JAKE,Come on!,দেখো!
"00:22:05,783 --> 00:22:08,661",NORM,Jake! We're not supposed to be running!,জ্যাক! আমাদের দৌড়ানোর কথা না!
"00:22:19,505 --> 00:22:20,589",JAKE,Watch it!,দেখে যাও!
"00:22:42,861 --> 00:22:44,363",GRACE,"Hey, Marine!","হেই, মেরিন!"
"00:22:45,197 --> 00:22:46,615",JAKE,Damn.,মূর্খ.
"00:22:48,659 --> 00:22:49,826",JAKE,Grace?,গ্রেস?
"00:22:49,910 --> 00:22:51,829",GRACE,"Well, who'd you expect, numbnuts?","ভালো, তুমি কাকে আশা করছিলে, নাম্বনাটস?"
"00:22:53,038 --> 00:22:54,582",GRACE,Think fast.,দ্রুত চিন্তা করো.
"00:22:55,374 --> 00:22:57,585",GRACE,Motor control's looking good.,মোটোর কন্ট্রোল ভালোই দেখা যাচ্ছে.
"00:23:07,469 --> 00:23:11,807",GRACE,"Come on, everybody, quiet down! All right, gang, lights out.","আসো, প্রত্যেকে, চুপ হও! ঠিক আছে, দল, আলো বন্ধ."
"00:23:12,474 --> 00:23:13,975",GRACE,"Come on, Louise, chop-chop.","চলো, লুইস, কেটে পড়ো-কেটে পড়ো."
"00:23:14,059 --> 00:23:15,561",JAKE,"Hey, hey, hey!","হেই, হেই, হেই!"
"00:23:16,061 --> 00:23:18,271",GRACE,"Don't play with that, you'll go blind.","এটাকে নিয়ে খেলো না, তুমি অন্ধ হয়ে যাবে."
"00:23:18,355 --> 00:23:19,814",JAKE,That's kind of freaky.,এটা অস্বাভাবিক রকমের.
"00:23:19,898 --> 00:23:22,067",GRACE,Come on. Scat.,চলো. স্ক্যাট.
"00:23:23,319 --> 00:23:24,570",GRACE,Good night.,শুভ রাত্রি.
"00:23:26,447 --> 00:23:29,575",GRACE,"Lights out! See you at dinner, kiddies.","আলো বন্ধ! ডিনারে দেখা হবে, খোকারা."
"00:23:53,557 --> 00:23:54,600",MAX,Welcome back.,আবারো স্বাগতম.
"00:24:02,608 --> 00:24:04,943",MAX,"You okay? You all right? -Yeah, I'm okay.","- তুমি ঠিক? তুমি ঠিক আছ? - ইয়া, আমি ঠিক."
"00:24:06,654 --> 00:24:11,950",TRUDY,I'm Trudy. I fly all the science sorties. And this here is my baby.,আমি অবসন্ন. আমি সব বৈজ্ঞানিক অভিযানগুলোতে উড়াই. আর এই হচ্ছে আমারটা.
"00:24:12,534 --> 00:24:14,161",TRUDY,Hold on a second.,এক সেকেন্ড থামো.
"00:24:14,703 --> 00:24:17,623",TRUDY,"Hey, Wainfleet! Get it done!","হেই, ওয়েনফ্লিট! এটাকে শেষ করো!"
"00:24:18,040 --> 00:24:21,168",TRUDY,"We bounce at zero-nine. -Yeah, I'm on it, capitaine!","- আমরা জিরো-নাইনের দিকে প্রবেশ করছি. - ইয়া, আমি করছি, ক্যাপিটাইন!"
"00:24:22,878 --> 00:24:24,838",TRUDY,Vine strike's still loose.,লতান উদ্ভিদগুলোতে আঘাত এখনো নড়বড়ে.
"00:24:24,922 --> 00:24:27,090",JAKE,You guys are packing some heavy gear.,তোমরা লোকজনরা কিছু ভারী গিয়ার বাঁধাই করছো.
"00:24:27,174 --> 00:24:28,550",TRUDY,Watch it!,দেখে যাও!
"00:24:29,176 --> 00:24:31,845",TRUDY,"Yeah, that's 'cause we're not the only thing flying around out there.","ইয়া, কারন এই যে শুধুমাত্র আমরাই বাইরে উড়ছি না."
"00:24:31,929 --> 00:24:33,597",TRUDY,Or the biggest.,অথবা বৃহৎ.
"00:24:33,681 --> 00:24:36,516",TRUDY,I'm gonna need you on a door gun. I'm a man short.,আমার একটা দরজার অস্ত্রে তোমাকে প্রয়োজন. আমার একজন লোক কম.
"00:24:36,600 --> 00:24:38,435",JAKE,I thought you'd never ask.,আমি ভেবেছিলাম তুমি কখনো জিজ্ঞেস করবে না.
"00:24:39,770 --> 00:24:42,940",TRUDY,There's your man. See you on the flight line.,এই হচ্ছে তোমার লোক. ফ্লাইট লাইনে তোমার সাথে দেখা হবে.
"00:24:53,659 --> 00:24:56,036",JAKE,"You wanted to see me, Colonel?","আপনি আমার সাথে দেখা করতে চেয়েছেন, কর্নেল?"
"00:24:56,120 --> 00:24:58,747",QUARITCH,This low gravity'll make you soft.,এই কম মাধ্যাকর্ষন তোমাকে সহজ করবে.
"00:25:00,165 --> 00:25:01,709",QUARITCH,You get soft…,"তুমি সহজ হবে,"
"00:25:04,962 --> 00:25:08,257",QUARITCH,Pandora will shit you out dead with zero warning.,প্যান্ডোরা তোমাকে সতর্কবানী ছাড়াই ভালো করে মারবে.
"00:25:09,341 --> 00:25:11,885",QUARITCH,"I pulled your record, Corporal.","আমি তোমার রেকর্ড ঘেঁটে দেখেছি, করপোরাল."
"00:25:11,969 --> 00:25:14,388",QUARITCH,"Venezuela, that was some mean bush.","ভেনেজুয়েলা, কিছু বিশ্রী ঝোঁপ ঝাড় ছিল."
"00:25:16,348 --> 00:25:18,684",QUARITCH,"Nothing like this here, though.","এখানকার মত না, যদিও."
"00:25:20,936 --> 00:25:23,787",QUARITCH,"You got some heart, kid, showing up in this neighborhood.","তোমার অল্প কলিজা (সাহস) আছে, খোকা, এখানে উদঘাটন করার মত."
"00:25:24,356 --> 00:25:26,274",JAKE,I figured it's just another hellhole.,আমি খুজে বের করলাম এটা শুধু আরেকটা নরকের গর্ত.
"00:25:26,358 --> 00:25:28,777",QUARITCH,I was First Recon myself.,আমি নিজে প্রথম রেকন ছিলাম.
"00:25:28,861 --> 00:25:32,072",QUARITCH,"A few years ahead of you. Well, maybe more than a few.","তোমার কিছু বছর আগে. ভালো, সম্ভবত অল্প থেকে একটু বেশি."
"00:25:33,031 --> 00:25:35,950",QUARITCH,"Three tours Nigeria, not a scratch.","নাইজেরিয়া তে ৩টি সফর, কোন আঁচড় নেই."